Workbook

Sheet Sheet1
A1: Calendar_Year | B1: Line | C1: Station_Name | D1: Annual_Station_Boardings | E1: City | F1: Latitude | G1: Longitude
A2: 2016 | B2: =_xlfn.XLOOKUP(C2,Mapping!$A$2:$A$54,Mapping!$B$2:$B$54) -> Expo Line | C2: 22nd Street Station | D2: 2890317 | E2: =_xlfn.XLOOKUP(C2,Mapping!$D$2:$D$54,Mapping!$E$2:$E$54) -> New Westminster | F2: =_xlfn.XLOOKUP($C2,Mapping!$D$2:$D$54,Mapping!F$2:F$54) -> 49.2 | G2: =_xlfn.XLOOKUP($C2,Mapping!$D$2:$D$54,Mapping!G$2:G$54) -> -122.949
A3: 2016 | B3: =_xlfn.XLOOKUP(C3,Mapping!$A$2:$A$54,Mapping!$B$2:$B$54) -> Expo Line | C3: 29th Avenue Station | D3: 2235918 | E3: =_xlfn.XLOOKUP(C3,Mapping!$D$2:$D$54,Mapping!$E$2:$E$54) -> Vancouver | F3: =_xlfn.XLOOKUP($C3,Mapping!$D$2:$D$54,Mapping!F$2:F$54) -> 49.2443 | G3: =_xlfn.XLOOKUP($C3,Mapping!$D$2:$D$54,Mapping!G$2:G$54) -> -123.045
A4: 2016 | B4: =_xlfn.XLOOKUP(C4,Mapping!$A$2:$A$54,Mapping!$B$2:$B$54) -> Canada Line | C4: Aberdeen Station | D4: 1454918 | E4: =_xlfn.XLOOKUP(C4,Mapping!$D$2:$D$54,Mapping!$E$2:$E$54) -> Richmond | F4: =_xlfn.XLOOKUP($C4,Mapping!$D$2:$D$54,Mapping!F$2:F$54) -> 49.1843 | G4: =_xlfn.XLOOKUP($C4,Mapping!$D$2:$D$54,Mapping!G$2:G$54) -> -123.1362
A5: 2016 | B5: =_xlfn.XLOOKUP(C5,Mapping!$A$2:$A$54,Mapping!$B$2:$B$54) -> Expo Line | C5: Braid Station | D5: 1606780 | E5: =_xlfn.XLOOKUP(C5,Mapping!$D$2:$D$54,Mapping!$E$2:$E$54) -> New Westminster | F5: =_xlfn.XLOOKUP($C5,Mapping!$D$2:$D$54,Mapping!F$2:F$54) -> 49.233 | G5: =_xlfn.XLOOKUP($C5,Mapping!$D$2:$D$54,Mapping!G$2:G$54) -> -122.8828
A6: 2016 | B6: =_xlfn.XLOOKUP(C6,Mapping!$A$2:$A$54,Mapping!$B$2:$B$54) -> Millennium Line | C6: Brentwood Town Centre Station | D6: 1496305 | E6: =_xlfn.XLOOKUP(C6,Mapping!$D$2:$D$54,Mapping!$E$2:$E$54) -> Burnaby | F6: =_xlfn.XLOOKUP($C6,Mapping!$D$2:$D$54,Mapping!F$2:F$54) -> 49.2662 | G6: =_xlfn.XLOOKUP($C6,Mapping!$D$2:$D$54,Mapping!G$2:G$54) -> -123.0016
A7: 2016 | B7: =_xlfn.XLOOKUP(C7,Mapping!$A$2:$A$54,Mapping!$B$2:$B$54) -> Canada Line | C7: Bridgeport Station | D7: 3555174 | E7: =_xlfn.XLOOKUP(C7,Mapping!$D$2:$D$54,Mapping!$E$2:$E$54) -> Richmond | F7: =_xlfn.XLOOKUP($C7,Mapping!$D$2:$D$54,Mapping!F$2:F$54) -> 49.1925 | G7: =_xlfn.XLOOKUP($C7,Mapping!$D$2:$D$54,Mapping!G$2:G$54) -> -123.1264
A8: 2016 | B8: =_xlfn.XLOOKUP(C8,Mapping!$A$2:$A$54,Mapping!$B$2:$B$54) -> Canada Line | C8: Broadway-City Hall Station | D8: 4405982 | E8: =_xlfn.XLOOKUP(C8,Mapping!$D$2:$D$54,Mapping!$E$2:$E$54) -> Vancouver | F8: =_xlfn.XLOOKUP($C8,Mapping!$D$2:$D$54,Mapping!F$2:F$54) -> 49.2631 | G8: =_xlfn.XLOOKUP($C8,Mapping!$D$2:$D$54,Mapping!G$2:G$54) -> -123.1147
A9: 2016 | B9: =_xlfn.XLOOKUP(C9,Mapping!$A$2:$A$54,Mapping!$B$2:$B$54) -> Millennium Line | C9: Burquitlam Station | D9: 56306 | E9: =_xlfn.XLOOKUP(C9,Mapping!$D$2:$D$54,Mapping!$E$2:$E$54) -> Coquitlam | F9: =_xlfn.XLOOKUP($C9,Mapping!$D$2:$D$54,Mapping!F$2:F$54) -> 49.2618 | G9: =_xlfn.XLOOKUP($C9,Mapping!$D$2:$D$54,Mapping!G$2:G$54) -> -122.8898
A10: 2016 | B10: =_xlfn.XLOOKUP(C10,Mapping!$A$2:$A$54,Mapping!$B$2:$B$54) -> Expo Line | C10: Burrard Station | D10: 6384935 | E10: =_xlfn.XLOOKUP(C10,Mapping!$D$2:$D$54,Mapping!$E$2:$E$54) -> Vancouver | F10: =_xlfn.XLOOKUP($C10,Mapping!$D$2:$D$54,Mapping!F$2:F$54) -> 49.2856 | G10: =_xlfn.XLOOKUP($C10,Mapping!$D$2:$D$54,Mapping!G$2:G$54) -> -123.1202
A11: 2016 | B11: =_xlfn.XLOOKUP(C11,Mapping!$A$2:$A$54,Mapping!$B$2:$B$54) -> Expo Line | C11: Columbia Station | D11: 1450300 | E11: =_xlfn.XLOOKUP(C11,Mapping!$D$2:$D$54,Mapping!$E$2:$E$54) -> New Westminster | F11: =_xlfn.XLOOKUP($C11,Mapping!$D$2:$D$54,Mapping!F$2:F$54) -> 49.2048 | G11: =_xlfn.XLOOKUP($C11,Mapping!$D$2:$D$54,Mapping!G$2:G$54) -> -122.9061
A12: 2016 | B12: =_xlfn.XLOOKUP(C12,Mapping!$A$2:$A$54,Mapping!$B$2:$B$54) -> Expo / Millennium Line | C12: Commercial-Broadway Station | D12: 7467518 | E12: =_xlfn.XLOOKUP(C12,Mapping!$D$2:$D$54,Mapping!$E$2:$E$54) -> Vancouver | F12: =_xlfn.XLOOKUP($C12,Mapping!$D$2:$D$54,Mapping!F$2:F$54) -> 49.2625 | G12: =_xlfn.XLOOKUP($C12,Mapping!$D$2:$D$54,Mapping!G$2:G$54) -> -123.0694
A13: 2016 | B13: =_xlfn.XLOOKUP(C13,Mapping!$A$2:$A$54,Mapping!$B$2:$B$54) -> Millennium Line | C13: Coquitlam Central Station | D13: 82281 | E13: =_xlfn.XLOOKUP(C13,Mapping!$D$2:$D$54,Mapping!$E$2:$E$54) -> Coquitlam | F13: =_xlfn.XLOOKUP($C13,Mapping!$D$2:$D$54,Mapping!F$2:F$54) -> 49.274 | G13: =_xlfn.XLOOKUP($C13,Mapping!$D$2:$D$54,Mapping!G$2:G$54) -> -122.7993
... A372: 2024 | B372: =_xlfn.XLOOKUP(C372,Mapping!$A$2:$A$54,Mapping!$B$2:$B$54) -> Canada Line | C372: Yaletown-Roundhouse Station | D372: 3055148 | E372: =_xlfn.XLOOKUP(C372,Mapping!$D$2:$D$54,Mapping!$E$2:$E$54) -> Vancouver | F372: =_xlfn.XLOOKUP($C372,Mapping!$D$2:$D$54,Mapping!F$2:F$54) -> 49.2745 | G372: =_xlfn.XLOOKUP($C372,Mapping!$D$2:$D$54,Mapping!G$2:G$54) -> -123.1219

Sheet Mapping
A1: Station Name | B1: Line | D1: Station Name | E1: City | F1: Latitude | G1: Longitude
A2: 22nd Street Station | B2: Expo Line | D2: 22nd Street Station | E2: New Westminster | F2: 49.2 | G2: -122.949
A3: 29th Avenue Station | B3: Expo Line | D3: 29th Avenue Station | E3: Vancouver | F3: 49.2443 | G3: -123.045
A4: Aberdeen Station | B4: Canada Line | D4: Aberdeen Station | E4: Richmond | F4: 49.1843 | G4: -123.1362
A5: Braid Station | B5: Expo Line | D5: Braid Station | E5: New Westminster | F5: 49.233 | G5: -122.8828
A6: Brentwood Town Centre Station | B6: Millennium Line | D6: Brentwood Town Centre Station | E6: Burnaby | F6: 49.2662 | G6: -123.0016
A7: Bridgeport Station | B7: Canada Line | D7: Bridgeport Station | E7: Richmond | F7: 49.1925 | G7: -123.1264
A8: Broadway-City Hall Station | B8: Canada Line | D8: Broadway-City Hall Station | E8: Vancouver | F8: 49.2631 | G8: -123.1147
A9: Burquitlam Station | B9: Millennium Line | D9: Burquitlam Station | E9: Coquitlam | F9: 49.2618 | G9: -122.8898
A10: Burrard Station | B10: Expo Line | D10: Burrard Station | E10: Vancouver | F10: 49.2856 | G10: -123.1202
A11: Columbia Station | B11: Expo Line | D11: Columbia Station | E11: New Westminster | F11: 49.2048 | G11: -122.9061
A12: Commercial-Broadway Station | B12: Expo / Millennium Line | D12: Commercial-Broadway Station | E12: Vancouver | F12: 49.2625 | G12: -123.0694
A13: Coquitlam Central Station | B13: Millennium Line | D13: Coquitlam Central Station | E13: Coquitlam | F13: 49.274 | G13: -122.7993
... A54: Yaletown-Roundhouse Station | B54: Canada Line | D54: Yaletown-Roundhouse Station | E54: Vancouver | F54: 49.2745 | G54: -123.1219
